"FlightNumber","DateOfFlight","DepartureAirport","ArrivalAirport","TaxiFuel","TripFuel","ContingencyFuel","BlockFuel","TotalFuel","FlightDuration","Distance","UpdatedAt"
"N/A","N/A","N/A","N/A",0,0,0,0,0,0,0,"2025-05-01T17:00:00.163Z"
"N/A","N/A","N/A","N/A",0,0,0,0,0,0,0,"2025-05-01T17:00:00.163Z"
"N/A","N/A","N/A","N/A",0,0,0,0,0,0,0,"2025-05-01T17:00:00.163Z"
"N/A","N/A","N/A","N/A",0,0,0,0,0,0,0,"2025-05-01T17:00:00.163Z"
"N/A","N/A","N/A","N/A",0,0,0,0,0,0,0,"2025-05-01T17:00:00.163Z"
"N/A","N/A","N/A","N/A",0,0,0,0,0,0,0,"2025-05-01T17:00:00.163Z"
"N/A","N/A","N/A","N/A",0,0,0,0,0,0,0,"2025-05-01T17:00:00.163Z"
"N/A","N/A","N/A","N/A",0,0,0,0,0,0,0,"2025-05-01T17:00:00.163Z"
"N/A","N/A","N/A","N/A",0,0,0,0,0,0,0,"2025-05-01T17:00:00.163Z"
"N/A","N/A","N/A","N/A",0,0,0,0,0,0,0,"2025-05-01T17:00:00.163Z"
"N/A","N/A","N/A","N/A",0,0,0,0,0,0,0,"2025-05-01T17:00:00.163Z"
"N/A","N/A","N/A","N/A",0,0,0,0,0,0,0,"2025-05-01T17:00:00.163Z"
"N/A","N/A","N/A","N/A",0,0,0,0,0,0,0,"2025-05-01T17:00:00.163Z"
"N/A","N/A","N/A","N/A",0,0,0,0,0,0,0,"2025-05-01T17:00:00.163Z"
"N/A","N/A","N/A","N/A",0,0,0,0,0,0,0,"2025-05-01T17:00:00.163Z"
"N/A","N/A","N/A","N/A",0,0,0,0,0,0,0,"2025-05-01T17:00:00.163Z"
"N/A","N/A","N/A","N/A",0,0,0,0,0,0,0,"2025-05-01T17:00:00.163Z"
"N/A","N/A","N/A","N/A",0,0,0,0,0,0,0,"2025-05-01T17:00:00.163Z"
"N/A","N/A","N/A","N/A",0,0,0,0,0,0,0,"2025-05-01T17:00:00.163Z"
"N/A","N/A","N/A","N/A",0,0,0,0,0,0,0,"2025-05-01T17:00:00.163Z"
"N/A","N/A","N/A","N/A",0,0,0,0,0,0,0,"2025-05-01T17:00:00.163Z"
"N/A","N/A","N/A","N/A",0,0,0,0,0,0,0,"2025-05-01T17:00:00.163Z"
"N/A","N/A","N/A","N/A",0,0,0,0,0,0,0,"2025-05-01T17:00:00.163Z"
"N/A","N/A","N/A","N/A",0,0,0,0,0,0,0,"2025-05-01T17:00:00.163Z"
"N/A","N/A","N/A","N/A",0,0,0,0,0,0,0,"2025-05-01T17:00:00.163Z"
"N/A","N/A","N/A","N/A",0,0,0,0,0,0,0,"2025-05-01T17:00:00.163Z"
"N/A","N/A","N/A","N/A",0,0,0,0,0,0,0,"2025-05-01T17:00:00.163Z"
"N/A","N/A","N/A","N/A",0,0,0,0,0,0,0,"2025-05-01T17:00:00.163Z"
"N/A","N/A","N/A","N/A",0,0,0,0,0,0,0,"2025-05-01T17:00:00.163Z"
"N/A","N/A","N/A","N/A",0,0,0,0,0,0,0,"2025-05-01T17:00:00.163Z"
"N/A","N/A","N/A","N/A",0,0,0,0,0,0,0,"2025-05-01T17:00:00.163Z"
"N/A","N/A","N/A","N/A",0,0,0,0,0,0,0,"2025-05-01T17:00:00.163Z"
"N/A","N/A","N/A","N/A",0,0,0,0,0,0,0,"2025-05-01T17:00:00.163Z"
"N/A","N/A","N/A","N/A",0,0,0,0,0,0,0,"2025-05-01T17:00:00.163Z"
"N/A","N/A","N/A","N/A",0,0,0,0,0,0,0,"2025-05-01T17:00:00.163Z"
"N/A","N/A","N/A","N/A",0,0,0,0,0,0,0,"2025-05-01T17:00:00.163Z"
"N/A","N/A","N/A","N/A",0,0,0,0,0,0,0,"2025-05-01T17:00:00.163Z"
"N/A","N/A","N/A","N/A",0,0,0,0,0,0,0,"2025-05-01T17:00:00.163Z"
"N/A","N/A","N/A","N/A",0,0,0,0,0,0,0,"2025-05-01T17:00:00.163Z"
"N/A","N/A","N/A","N/A",0,0,0,0,0,0,0,"2025-05-01T17:00:00.163Z"
"N/A","N/A","N/A","N/A",0,0,0,0,0,0,0,"2025-05-01T17:00:00.163Z"
"N/A","N/A","N/A","N/A",0,0,0,0,0,0,0,"2025-05-01T17:00:00.163Z"
"N/A","N/A","N/A","N/A",0,0,0,0,0,0,0,"2025-05-01T17:00:00.163Z"
"N/A","N/A","N/A","N/A",0,0,0,0,0,0,0,"2025-05-01T17:00:00.163Z"
"N/A","N/A","N/A","N/A",0,0,0,0,0,0,0,"2025-05-01T17:00:00.163Z"
"N/A","N/A","N/A","N/A",0,0,0,0,0,0,0,"2025-05-01T17:00:00.163Z"
"N/A","N/A","N/A","N/A",0,0,0,0,0,0,0,"2025-05-01T17:00:00.163Z"
"N/A","N/A","N/A","N/A",0,0,0,0,0,0,0,"2025-05-01T17:00:00.163Z"
"N/A","N/A","N/A","N/A",0,0,0,0,0,0,0,"2025-05-01T17:00:00.163Z"
"N/A","N/A","N/A","N/A",0,0,0,0,0,0,0,"2025-05-01T17:00:00.163Z"
"N/A","N/A","N/A","N/A",0,0,0,0,0,0,0,"2025-05-01T17:00:00.163Z"
"N/A","N/A","N/A","N/A",0,0,0,0,0,0,0,"2025-05-01T17:00:00.163Z"
"N/A","N/A","N/A","N/A",0,0,0,0,0,0,0,"2025-05-01T17:00:00.163Z"
"N/A","N/A","N/A","N/A",0,0,0,0,0,0,0,"2025-05-01T17:00:00.163Z"
"N/A","N/A","N/A","N/A",0,0,0,0,0,0,0,"2025-05-01T17:00:00.163Z"
"N/A","N/A","N/A","N/A",0,0,0,0,0,0,0,"2025-05-01T17:00:00.163Z"
"N/A","N/A","N/A","N/A",0,0,0,0,0,0,0,"2025-05-01T17:00:00.163Z"
"N/A","N/A","N/A","N/A",0,0,0,0,0,0,0,"2025-05-01T17:00:00.163Z"
"N/A","N/A","N/A","N/A",0,0,0,0,0,0,0,"2025-05-01T17:00:00.163Z"
"N/A","N/A","N/A","N/A",0,0,0,0,0,0,0,"2025-05-01T17:00:00.163Z"
"N/A","N/A","N/A","N/A",0,0,0,0,0,0,0,"2025-05-01T17:00:00.163Z"
"N/A","N/A","N/A","N/A",0,0,0,0,0,0,0,"2025-05-01T17:00:00.163Z"
"N/A","N/A","N/A","N/A",0,0,0,0,0,0,0,"2025-05-01T17:00:00.163Z"
"N/A","N/A","N/A","N/A",0,0,0,0,0,0,0,"2025-05-01T17:00:00.163Z"
"N/A","N/A","N/A","N/A",0,0,0,0,0,0,0,"2025-05-01T17:00:00.163Z"
"N/A","N/A","N/A","N/A",0,0,0,0,0,0,0,"2025-05-01T17:00:00.163Z"
"N/A","N/A","N/A","N/A",0,0,0,0,0,0,0,"2025-05-01T17:00:00.163Z"
"N/A","N/A","N/A","N/A",0,0,0,0,0,0,0,"2025-05-01T17:00:00.163Z"
"N/A","N/A","N/A","N/A",0,0,0,0,0,0,0,"2025-05-01T17:00:00.163Z"
"N/A","N/A","N/A","N/A",0,0,0,0,0,0,0,"2025-05-01T17:00:00.163Z"
"N/A","N/A","N/A","N/A",0,0,0,0,0,0,0,"2025-05-01T17:00:00.163Z"
"N/A","N/A","N/A","N/A",0,0,0,0,0,0,0,"2025-05-01T17:00:00.163Z"
"N/A","N/A","N/A","N/A",0,0,0,0,0,0,0,"2025-05-01T17:00:00.163Z"
"N/A","N/A","N/A","N/A",0,0,0,0,0,0,0,"2025-05-01T17:00:00.163Z"
"N/A","N/A","N/A","N/A",0,0,0,0,0,0,0,"2025-05-01T17:00:00.163Z"
"N/A","N/A","N/A","N/A",0,0,0,0,0,0,0,"2025-05-01T17:00:00.163Z"
"N/A","N/A","N/A","N/A",0,0,0,0,0,0,0,"2025-05-01T17:00:00.163Z"
"N/A","N/A","N/A","N/A",0,0,0,0,0,0,0,"2025-05-01T17:00:00.163Z"
"N/A","N/A","N/A","N/A",0,0,0,0,0,0,0,"2025-05-01T17:00:00.163Z"
"N/A","N/A","N/A","N/A",0,0,0,0,0,0,0,"2025-05-01T17:00:00.163Z"
"N/A","N/A","N/A","N/A",0,0,0,0,0,0,0,"2025-05-01T17:00:00.163Z"
"N/A","N/A","N/A","N/A",0,0,0,0,0,0,0,"2025-05-01T17:00:00.163Z"
"N/A","N/A","N/A","N/A",0,0,0,0,0,0,0,"2025-05-01T17:00:00.163Z"
"N/A","N/A","N/A","N/A",0,0,0,0,0,0,0,"2025-05-01T17:00:00.163Z"
"N/A","N/A","N/A","N/A",0,0,0,0,0,0,0,"2025-05-01T17:00:00.163Z"
"N/A","N/A","N/A","N/A",0,0,0,0,0,0,0,"2025-05-01T17:00:00.163Z"
"N/A","N/A","N/A","N/A",0,0,0,0,0,0,0,"2025-05-01T17:00:00.163Z"
"N/A","N/A","N/A","N/A",0,0,0,0,0,0,0,"2025-05-01T17:00:00.163Z"
"N/A","N/A","N/A","N/A",0,0,0,0,0,0,0,"2025-05-01T17:00:00.163Z"
"N/A","N/A","N/A","N/A",0,0,0,0,0,0,0,"2025-05-01T17:00:00.163Z"
"N/A","N/A","N/A","N/A",0,0,0,0,0,0,0,"2025-05-01T17:00:00.163Z"
"N/A","N/A","N/A","N/A",0,0,0,0,0,0,0,"2025-05-01T17:00:00.163Z"
"N/A","N/A","N/A","N/A",0,0,0,0,0,0,0,"2025-05-01T17:00:00.163Z"
"N/A","N/A","N/A","N/A",0,0,0,0,0,0,0,"2025-05-01T17:00:00.163Z"
"N/A","N/A","N/A","N/A",0,0,0,0,0,0,0,"2025-05-01T17:00:00.163Z"
"N/A","N/A","N/A","N/A",0,0,0,0,0,0,0,"2025-05-01T17:00:00.163Z"
"N/A","N/A","N/A","N/A",0,0,0,0,0,0,0,"2025-05-01T17:00:00.163Z"
"N/A","N/A","N/A","N/A",0,0,0,0,0,0,0,"2025-05-01T17:00:00.163Z"
"N/A","N/A","N/A","N/A",0,0,0,0,0,0,0,"2025-05-01T17:00:00.163Z"
"N/A","N/A","N/A","N/A",0,0,0,0,0,0,0,"2025-05-01T17:00:00.163Z"
"N/A","N/A","N/A","N/A",0,0,0,0,0,0,0,"2025-05-01T17:00:00.163Z"
"N/A","N/A","N/A","N/A",0,0,0,0,0,0,0,"2025-05-01T17:00:00.163Z"
"N/A","N/A","N/A","N/A",0,0,0,0,0,0,0,"2025-05-01T17:00:00.163Z"
"N/A","N/A","N/A","N/A",0,0,0,0,0,0,0,"2025-05-01T17:00:00.163Z"
"N/A","N/A","N/A","N/A",0,0,0,0,0,0,0,"2025-05-01T17:00:00.163Z"
"N/A","N/A","N/A","N/A",0,0,0,0,0,0,0,"2025-05-01T17:00:00.163Z"
"N/A","N/A","N/A","N/A",0,0,0,0,0,0,0,"2025-05-01T17:00:00.163Z"
"N/A","N/A","N/A","N/A",0,0,0,0,0,0,0,"2025-05-01T17:00:00.163Z"
"N/A","N/A","N/A","N/A",0,0,0,0,0,0,0,"2025-05-01T17:00:00.163Z"
"N/A","N/A","N/A","N/A",0,0,0,0,0,0,0,"2025-05-01T17:00:00.163Z"
"N/A","N/A","N/A","N/A",0,0,0,0,0,0,0,"2025-05-01T17:00:00.163Z"
"N/A","N/A","N/A","N/A",0,0,0,0,0,0,0,"2025-05-01T17:00:00.163Z"
"N/A","N/A","N/A","N/A",0,0,0,0,0,0,0,"2025-05-01T17:00:00.163Z"
"N/A","N/A","N/A","N/A",0,0,0,0,0,0,0,"2025-05-01T17:00:00.163Z"
"N/A","N/A","N/A","N/A",0,0,0,0,0,0,0,"2025-05-01T17:00:00.163Z"
"N/A","N/A","N/A","N/A",0,0,0,0,0,0,0,"2025-05-01T17:00:00.163Z"
"N/A","N/A","N/A","N/A",0,0,0,0,0,0,0,"2025-05-01T17:00:00.163Z"
"N/A","N/A","N/A","N/A",0,0,0,0,0,0,0,"2025-05-01T17:00:00.163Z"
"N/A","N/A","N/A","N/A",0,0,0,0,0,0,0,"2025-05-01T17:00:00.163Z"
"N/A","N/A","N/A","N/A",0,0,0,0,0,0,0,"2025-05-01T17:00:00.163Z"
"N/A","N/A","N/A","N/A",0,0,0,0,0,0,0,"2025-05-01T17:00:00.163Z"
"N/A","N/A","N/A","N/A",0,0,0,0,0,0,0,"2025-05-01T17:00:00.163Z"
"N/A","N/A","N/A","N/A",0,0,0,0,0,0,0,"2025-05-01T17:00:00.163Z"
"N/A","N/A","N/A","N/A",0,0,0,0,0,0,0,"2025-05-01T17:00:00.163Z"
"N/A","N/A","N/A","N/A",0,0,0,0,0,0,0,"2025-05-01T17:00:00.163Z"
"N/A","N/A","N/A","N/A",0,0,0,0,0,0,0,"2025-05-01T17:00:00.163Z"
"N/A","N/A","N/A","N/A",0,0,0,0,0,0,0,"2025-05-01T17:00:00.163Z"
"N/A","N/A","N/A","N/A",0,0,0,0,0,0,0,"2025-05-01T17:00:00.163Z"
"N/A","N/A","N/A","N/A",0,0,0,0,0,0,0,"2025-05-01T17:00:00.163Z"
"N/A","N/A","N/A","N/A",0,0,0,0,0,0,0,"2025-05-01T17:00:00.163Z"
"N/A","N/A","N/A","N/A",0,0,0,0,0,0,0,"2025-05-01T17:00:00.163Z"
"N/A","N/A","N/A","N/A",0,0,0,0,0,0,0,"2025-05-01T17:00:00.163Z"
"N/A","N/A","N/A","N/A",0,0,0,0,0,0,0,"2025-05-01T17:00:00.163Z"
"N/A","N/A","N/A","N/A",0,0,0,0,0,0,0,"2025-05-01T17:00:00.163Z"
"N/A","N/A","N/A","N/A",0,0,0,0,0,0,0,"2025-05-01T17:00:00.163Z"
"N/A","N/A","N/A","N/A",0,0,0,0,0,0,0,"2025-05-01T17:00:00.163Z"
"N/A","N/A","N/A","N/A",0,0,0,0,0,0,0,"2025-05-01T17:00:00.163Z"
"N/A","N/A","N/A","N/A",0,0,0,0,0,0,0,"2025-05-01T17:00:00.163Z"
"N/A","N/A","N/A","N/A",0,0,0,0,0,0,0,"2025-05-01T17:00:00.163Z"
"N/A","N/A","N/A","N/A",0,0,0,0,0,0,0,"2025-05-01T17:00:00.163Z"
"N/A","N/A","N/A","N/A",0,0,0,0,0,0,0,"2025-05-01T17:00:00.163Z"
"N/A","N/A","N/A","N/A",0,0,0,0,0,0,0,"2025-05-01T17:00:00.163Z"
"N/A","N/A","N/A","N/A",0,0,0,0,0,0,0,"2025-05-01T17:00:00.163Z"
"N/A","N/A","N/A","N/A",0,0,0,0,0,0,0,"2025-05-01T17:00:00.163Z"
"N/A","N/A","N/A","N/A",0,0,0,0,0,0,0,"2025-05-01T17:00:00.163Z"
"N/A","N/A","N/A","N/A",0,0,0,0,0,0,0,"2025-05-01T17:00:00.163Z"
"N/A","N/A","N/A","N/A",0,0,0,0,0,0,0,"2025-05-01T17:00:00.163Z"
"N/A","N/A","N/A","N/A",0,0,0,0,0,0,0,"2025-05-01T17:00:00.163Z"
"N/A","N/A","N/A","N/A",0,0,0,0,0,0,0,"2025-05-01T17:00:00.163Z"
"N/A","N/A","N/A","N/A",0,0,0,0,0,0,0,"2025-05-01T17:00:00.163Z"
"N/A","N/A","N/A","N/A",0,0,0,0,0,0,0,"2025-05-01T17:00:00.163Z"
"N/A","N/A","N/A","N/A",0,0,0,0,0,0,0,"2025-05-01T17:00:00.163Z"
"N/A","N/A","N/A","N/A",0,0,0,0,0,0,0,"2025-05-01T17:00:00.163Z"
"N/A","N/A","N/A","N/A",0,0,0,0,0,0,0,"2025-05-01T17:00:00.163Z"
"N/A","N/A","N/A","N/A",0,0,0,0,0,0,0,"2025-05-01T17:00:00.163Z"
"N/A","N/A","N/A","N/A",0,0,0,0,0,0,0,"2025-05-01T17:00:00.163Z"
"N/A","N/A","N/A","N/A",0,0,0,0,0,0,0,"2025-05-01T17:00:00.163Z"
"N/A","N/A","N/A","N/A",0,0,0,0,0,0,0,"2025-05-01T17:00:00.163Z"
"N/A","N/A","N/A","N/A",0,0,0,0,0,0,0,"2025-05-01T17:00:00.163Z"
"N/A","N/A","N/A","N/A",0,0,0,0,0,0,0,"2025-05-01T17:00:00.163Z"
"N/A","N/A","N/A","N/A",0,0,0,0,0,0,0,"2025-05-01T17:00:00.163Z"
"N/A","N/A","N/A","N/A",0,0,0,0,0,0,0,"2025-05-01T17:00:00.163Z"
"N/A","N/A","N/A","N/A",0,0,0,0,0,0,0,"2025-05-01T17:00:00.163Z"
"N/A","N/A","N/A","N/A",0,0,0,0,0,0,0,"2025-05-01T17:00:00.163Z"
"N/A","N/A","N/A","N/A",0,0,0,0,0,0,0,"2025-05-01T17:00:00.163Z"
"N/A","N/A","N/A","N/A",0,0,0,0,0,0,0,"2025-05-01T17:00:00.163Z"
"N/A","N/A","N/A","N/A",0,0,0,0,0,0,0,"2025-05-01T17:00:00.163Z"
"N/A","N/A","N/A","N/A",0,0,0,0,0,0,0,"2025-05-01T17:00:00.163Z"
"N/A","N/A","N/A","N/A",0,0,0,0,0,0,0,"2025-05-01T17:00:00.163Z"
"N/A","N/A","N/A","N/A",0,0,0,0,0,0,0,"2025-05-01T17:00:00.163Z"
"N/A","N/A","N/A","N/A",0,0,0,0,0,0,0,"2025-05-01T17:00:00.163Z"
"N/A","N/A","N/A","N/A",0,0,0,0,0,0,0,"2025-05-01T17:00:00.163Z"
"N/A","N/A","N/A","N/A",0,0,0,0,0,0,0,"2025-05-01T17:00:00.163Z"
"N/A","N/A","N/A","N/A",0,0,0,0,0,0,0,"2025-05-01T17:00:00.163Z"
"N/A","N/A","N/A","N/A",0,0,0,0,0,0,0,"2025-05-01T17:00:00.163Z"
"N/A","N/A","N/A","N/A",0,0,0,0,0,0,0,"2025-05-01T17:00:00.163Z"
"N/A","N/A","N/A","N/A",0,0,0,0,0,0,0,"2025-05-01T17:00:00.163Z"
"N/A","N/A","N/A","N/A",0,0,0,0,0,0,0,"2025-05-01T17:00:00.163Z"
"N/A","N/A","N/A","N/A",0,0,0,0,0,0,0,"2025-05-01T17:00:00.163Z"
"N/A","N/A","N/A","N/A",0,0,0,0,0,0,0,"2025-05-01T17:00:00.163Z"
"N/A","N/A","N/A","N/A",0,0,0,0,0,0,0,"2025-05-01T17:00:00.163Z"
"N/A","N/A","N/A","N/A",0,0,0,0,0,0,0,"2025-05-01T17:00:00.163Z"
"N/A","N/A","N/A","N/A",0,0,0,0,0,0,0,"2025-05-01T17:00:00.163Z"
"N/A","N/A","N/A","N/A",0,0,0,0,0,0,0,"2025-05-01T17:00:00.163Z"
"N/A","N/A","N/A","N/A",0,0,0,0,0,0,0,"2025-05-01T17:00:00.163Z"
"N/A","N/A","N/A","N/A",0,0,0,0,0,0,0,"2025-05-01T17:00:00.163Z"
"N/A","N/A","N/A","N/A",0,0,0,0,0,0,0,"2025-05-01T17:00:00.163Z"
"N/A","N/A","N/A","N/A",0,0,0,0,0,0,0,"2025-05-01T17:00:00.163Z"
"N/A","N/A","N/A","N/A",0,0,0,0,0,0,0,"2025-05-01T17:00:00.163Z"
"N/A","N/A","N/A","N/A",0,0,0,0,0,0,0,"2025-05-01T17:00:00.163Z"
"N/A","N/A","N/A","N/A",0,0,0,0,0,0,0,"2025-05-01T17:00:00.163Z"
"N/A","N/A","N/A","N/A",0,0,0,0,0,0,0,"2025-05-01T17:00:00.163Z"
"N/A","N/A","N/A","N/A",0,0,0,0,0,0,0,"2025-05-01T17:00:00.163Z"
"N/A","N/A","N/A","N/A",0,0,0,0,0,0,0,"2025-05-01T17:00:00.163Z"
"N/A","N/A","N/A","N/A",0,0,0,0,0,0,0,"2025-05-01T17:00:00.163Z"
"N/A","N/A","N/A","N/A",0,0,0,0,0,0,0,"2025-05-01T17:00:00.163Z"
"N/A","N/A","N/A","N/A",0,0,0,0,0,0,0,"2025-05-01T17:00:00.163Z"
"N/A","N/A","N/A","N/A",0,0,0,0,0,0,0,"2025-05-01T17:00:00.163Z"
"N/A","N/A","N/A","N/A",0,0,0,0,0,0,0,"2025-05-01T17:00:00.163Z"
"N/A","N/A","N/A","N/A",0,0,0,0,0,0,0,"2025-05-01T17:00:00.163Z"
"N/A","N/A","N/A","N/A",0,0,0,0,0,0,0,"2025-05-01T17:00:00.163Z"
"N/A","N/A","N/A","N/A",0,0,0,0,0,0,0,"2025-05-01T17:00:00.163Z"
"N/A","N/A","N/A","N/A",0,0,0,0,0,0,0,"2025-05-01T17:00:00.163Z"
"N/A","N/A","N/A","N/A",0,0,0,0,0,0,0,"2025-05-01T17:00:00.163Z"
"N/A","N/A","N/A","N/A",0,0,0,0,0,0,0,"2025-05-01T17:00:00.163Z"
"N/A","N/A","N/A","N/A",0,0,0,0,0,0,0,"2025-05-01T17:00:00.163Z"
"N/A","N/A","N/A","N/A",0,0,0,0,0,0,0,"2025-05-01T17:00:00.163Z"
"N/A","N/A","N/A","N/A",0,0,0,0,0,0,0,"2025-05-01T17:00:00.163Z"
"N/A","N/A","N/A","N/A",0,0,0,0,0,0,0,"2025-05-01T17:00:00.163Z"
"N/A","N/A","N/A","N/A",0,0,0,0,0,0,0,"2025-05-01T17:00:00.163Z"
"N/A","N/A","N/A","N/A",0,0,0,0,0,0,0,"2025-05-01T17:00:00.163Z"
"N/A","N/A","N/A","N/A",0,0,0,0,0,0,0,"2025-05-01T17:00:00.163Z"
"N/A","N/A","N/A","N/A",0,0,0,0,0,0,0,"2025-05-01T17:00:00.163Z"
"N/A","N/A","N/A","N/A",0,0,0,0,0,0,0,"2025-05-01T17:00:00.163Z"
"N/A","N/A","N/A","N/A",0,0,0,0,0,0,0,"2025-05-01T17:00:00.163Z"
"N/A","N/A","N/A","N/A",0,0,0,0,0,0,0,"2025-05-01T17:00:00.163Z"
"N/A","N/A","N/A","N/A",0,0,0,0,0,0,0,"2025-05-01T17:00:00.163Z"
"N/A","N/A","N/A","N/A",0,0,0,0,0,0,0,"2025-05-01T17:00:00.163Z"
"N/A","N/A","N/A","N/A",0,0,0,0,0,0,0,"2025-05-01T17:00:00.163Z"
"N/A","N/A","N/A","N/A",0,0,0,0,0,0,0,"2025-05-01T17:00:00.163Z"
"N/A","N/A","N/A","N/A",0,0,0,0,0,0,0,"2025-05-01T17:00:00.163Z"
"N/A","N/A","N/A","N/A",0,0,0,0,0,0,0,"2025-05-01T17:00:00.163Z"
"N/A","N/A","N/A","N/A",0,0,0,0,0,0,0,"2025-05-01T17:00:00.163Z"
"N/A","N/A","N/A","N/A",0,0,0,0,0,0,0,"2025-05-01T17:00:00.163Z"
"N/A","N/A","N/A","N/A",0,0,0,0,0,0,0,"2025-05-01T17:00:00.163Z"
"N/A","N/A","N/A","N/A",0,0,0,0,0,0,0,"2025-05-01T17:00:00.163Z"
"N/A","N/A","N/A","N/A",0,0,0,0,0,0,0,"2025-05-01T17:00:00.163Z"
"N/A","N/A","N/A","N/A",0,0,0,0,0,0,0,"2025-05-01T17:00:00.163Z"
"N/A","N/A","N/A","N/A",0,0,0,0,0,0,0,"2025-05-01T17:00:00.163Z"
"N/A","N/A","N/A","N/A",0,0,0,0,0,0,0,"2025-05-01T17:00:00.163Z"
"N/A","N/A","N/A","N/A",0,0,0,0,0,0,0,"2025-05-01T17:00:00.163Z"
"N/A","N/A","N/A","N/A",0,0,0,0,0,0,0,"2025-05-01T17:00:00.163Z"
"N/A","N/A","N/A","N/A",0,0,0,0,0,0,0,"2025-05-01T17:00:00.163Z"
"N/A","N/A","N/A","N/A",0,0,0,0,0,0,0,"2025-05-01T17:00:00.163Z"
"N/A","N/A","N/A","N/A",0,0,0,0,0,0,0,"2025-05-01T17:00:00.163Z"
"N/A","N/A","N/A","N/A",0,0,0,0,0,0,0,"2025-05-01T17:00:00.163Z"
"N/A","N/A","N/A","N/A",0,0,0,0,0,0,0,"2025-05-01T17:00:00.163Z"
"N/A","N/A","N/A","N/A",0,0,0,0,0,0,0,"2025-05-01T17:00:00.163Z"
"N/A","N/A","N/A","N/A",0,0,0,0,0,0,0,"2025-05-01T17:00:00.163Z"
"N/A","N/A","N/A","N/A",0,0,0,0,0,0,0,"2025-05-01T17:00:00.163Z"
"N/A","N/A","N/A","N/A",0,0,0,0,0,0,0,"2025-05-01T17:00:00.163Z"
"N/A","N/A","N/A","N/A",0,0,0,0,0,0,0,"2025-05-01T17:00:00.163Z"
"N/A","N/A","N/A","N/A",0,0,0,0,0,0,0,"2025-05-01T17:00:00.163Z"
"N/A","N/A","N/A","N/A",0,0,0,0,0,0,0,"2025-05-01T17:00:00.163Z"
"N/A","N/A","N/A","N/A",0,0,0,0,0,0,0,"2025-05-01T17:00:00.163Z"
"N/A","N/A","N/A","N/A",0,0,0,0,0,0,0,"2025-05-01T17:00:00.163Z"
"N/A","N/A","N/A","N/A",0,0,0,0,0,0,0,"2025-05-01T17:00:00.163Z"
"N/A","N/A","N/A","N/A",0,0,0,0,0,0,0,"2025-05-01T17:00:00.163Z"
"N/A","N/A","N/A","N/A",0,0,0,0,0,0,0,"2025-05-01T17:00:00.163Z"
"N/A","N/A","N/A","N/A",0,0,0,0,0,0,0,"2025-05-01T17:00:00.163Z"
"N/A","N/A","N/A","N/A",0,0,0,0,0,0,0,"2025-05-01T17:00:00.163Z"